-- phpMyAdmin SQL Dump
-- version 4.8.5
-- https://www.phpmyadmin.net/
--
-- Host: 127.0.0.1
-- Generation Time: Apr 12, 2019 at 02:54 PM
-- Server version: 10.1.38-MariaDB
-- PHP Version: 5.6.40

SET SQL_MODE = "NO_AUTO_VALUE_ON_ZERO";
SET AUTOCOMMIT = 0;
START TRANSACTION;
SET time_zone = "+00:00";


/*!40101 SET @OLD_CHARACTER_SET_CLIENT=@@CHARACTER_SET_CLIENT */;
/*!40101 SET @OLD_CHARACTER_SET_RESULTS=@@CHARACTER_SET_RESULTS */;
/*!40101 SET @OLD_COLLATION_CONNECTION=@@COLLATION_CONNECTION */;
/*!40101 SET NAMES utf8mb4 */;

--
-- Database: `ci_perpus`
--

-- --------------------------------------------------------

--
-- Table structure for table `admin`
--

CREATE TABLE `admin` (
  `id_admin` int(5) NOT NULL,
  `nama_admin` varchar(25) NOT NULL,
  `username` varchar(25) NOT NULL,
  `password` varchar(35) NOT NULL
) ENGINE=MyISAM DEFAULT CHARSET=latin1;

--
-- Dumping data for table `admin`
--

INSERT INTO `admin` (`id_admin`, `nama_admin`, `username`, `password`) VALUES
(1, 'sam', 'sam', '332532dcfaa1cbf61e2a266bd723612c'),
(2, 'Imam Nawawi', 'imam', '200ceb26807d6bf99fd6f4f0d1ca54d4');

-- --------------------------------------------------------

--
-- Table structure for table `anggota`
--

CREATE TABLE `anggota` (
  `id_anggota` int(5) NOT NULL,
  `username` varchar(50) NOT NULL,
  `nama_anggota` varchar(45) NOT NULL,
  `gender` enum('Laki-Laki','Perempuan') NOT NULL,
  `no_telp` varchar(15) NOT NULL,
  `alamat` varchar(50) NOT NULL,
  `email` varchar(30) NOT NULL,
  `password` varchar(35) NOT NULL
) ENGINE=MyISAM DEFAULT CHARSET=latin1;

--
-- Dumping data for table `anggota`
--

INSERT INTO `anggota` (`id_anggota`, `username`, `nama_anggota`, `gender`, `no_telp`, `alamat`, `email`, `password`) VALUES
(1, '', 'Irfan Maulana', 'Laki-Laki', '02144445566', 'BSD', 'irfan@gmail.com', '123'),
(2, '', 'Nur Kumalasari', 'Perempuan', '02133335555', 'Ciledug', 'nur@gmail.com', '123'),
(3, '', 'Sanjaya Wijaya', 'Laki-Laki', '02111115555', 'Cimone', 'sanjaya@gmail.com', '123'),
(4, '', 'Eva Irfianingsih', 'Perempuan', '02166665555', 'Tangerang', 'eva@gmail.com', '123'),
(5, '', 'Ifqoh Permatasari', 'Perempuan', '02177775555', 'Cengkareng', 'ifqoh@gmail.com', '123'),
(6, '', 'Indah Riana', 'Perempuan', '02188885555', 'Fatmawati', 'indah@gmail.com', '123'),
(7, '', 'Tiwie Andrawati', 'Perempuan', '02199995555', 'Warung Jati', 'tiwie@gmail.com', '123'),
(11, '', 'Imam Nawawi', 'Laki-Laki', '087829398630', 'jl H Isa no 1 Rengas Ciputat Timur', 'imam.imw@bsi.ac.id', '54321'),
(9, '', 'Hisbu Utomo', 'Laki-Laki', '02133336666', 'Salemba', 'hisbu@gmail.com', '123'),
(10, '', 'Zaenal Abidin', 'Laki-Laki', '02133337777', 'Bekasi', 'Zaenal@gmail.com', '123'),
(12, 'dedy', 'dedy', 'Laki-Laki', '13112312414', 'afsa', 'sadd@gmail.com', 'd5fdbe5b16111739a53f6bedc2c29e5c');

-- --------------------------------------------------------

--
-- Table structure for table `buku`
--

CREATE TABLE `buku` (
  `id_buku` int(5) NOT NULL,
  `id_kategori` int(5) NOT NULL,
  `judul_buku` varchar(50) NOT NULL,
  `pengarang` varchar(35) NOT NULL,
  `thn_terbit` date NOT NULL,
  `penerbit` varchar(50) NOT NULL,
  `isbn` varchar(25) NOT NULL,
  `jumlah_buku` int(3) NOT NULL,
  `lokasi` enum('Rak 1','Rak 2','Rak 3') NOT NULL,
  `gambar` varchar(255) NOT NULL,
  `tgl_input` date NOT NULL,
  `status_buku` enum('1','0') NOT NULL
) ENGINE=MyISAM DEFAULT CHARSET=latin1;

--
-- Dumping data for table `buku`
--

INSERT INTO `buku` (`id_buku`, `id_kategori`, `judul_buku`, `pengarang`, `thn_terbit`, `penerbit`, `isbn`, `jumlah_buku`, `lokasi`, `gambar`, `tgl_input`, `status_buku`) VALUES
(1, 1, 'Robotika Sederhana', 'Siswoyo Utomo', '2013-01-01', 'Wacana Ria', '34354422', 5, 'Rak 3', 'gambar1554433611.jpg', '2018-07-24', '1'),
(17, 3, 'fgffsdfa', 'dadada', '2019-04-01', 'dadasd', '231313', 5, 'Rak 2', 'gambar1554433847.jpg', '2019-04-05', '1'),
(16, 5, 'sada', 'dadwq', '2019-04-12', 'sdadad', '2313', 21, 'Rak 2', 'gambar1554433897.jpg', '2019-04-05', '1');

-- --------------------------------------------------------

--
-- Table structure for table `detail_pinjam`
--

CREATE TABLE `detail_pinjam` (
  `id_pinjam` int(5) NOT NULL,
  `id_buku` int(5) NOT NULL,
  `tgl_pengembalian` date NOT NULL,
  `denda` double NOT NULL,
  `status_kembali` enum('0','1') NOT NULL
) ENGINE=MyISAM DEFAULT CHARSET=latin1;

--
-- Dumping data for table `detail_pinjam`
--

INSERT INTO `detail_pinjam` (`id_pinjam`, `id_buku`, `tgl_pengembalian`, `denda`, `status_kembali`) VALUES
(6, 3, '2019-04-17', 20000, '0');

-- --------------------------------------------------------

--
-- Table structure for table `kategori`
--

CREATE TABLE `kategori` (
  `id_kategori` int(5) NOT NULL,
  `nama_kategori` varchar(45) NOT NULL
) ENGINE=MyISAM DEFAULT CHARSET=latin1;

--
-- Dumping data for table `kategori`
--

INSERT INTO `kategori` (`id_kategori`, `nama_kategori`) VALUES
(1, 'Sains'),
(2, 'Hobby'),
(3, 'Komputer'),
(4, 'Komunikasi'),
(5, 'Hukum'),
(6, 'Agama'),
(7, 'Populer'),
(8, 'Bahasa'),
(9, 'komik');

-- --------------------------------------------------------

--
-- Table structure for table `peminjaman`
--

CREATE TABLE `peminjaman` (
  `id_pinjam` int(5) NOT NULL,
  `tanggal` datetime NOT NULL,
  `id_anggota` int(5) NOT NULL,
  `tgl_pinjam` date NOT NULL,
  `tgl_kembali` date NOT NULL,
  `totaldenda` double NOT NULL DEFAULT '0',
  `status_pinjam` enum('0','1') DEFAULT '0'
) ENGINE=MyISAM DEFAULT CHARSET=latin1;

--
-- Dumping data for table `peminjaman`
--

INSERT INTO `peminjaman` (`id_pinjam`, `tanggal`, `id_anggota`, `tgl_pinjam`, `tgl_kembali`, `totaldenda`, `status_pinjam`) VALUES
(6, '2018-07-25 07:53:20', 2, '2018-07-23', '2018-07-25', 0, '0'),
(7, '2019-04-06 03:04:56', 12, '0000-00-00', '0000-00-00', 0, '');

-- --------------------------------------------------------

--
-- Table structure for table `transaksi`
--

CREATE TABLE `transaksi` (
  `id_pinjam` int(11) NOT NULL,
  `tgl_pencatatan` datetime NOT NULL,
  `id_anggota` int(4) NOT NULL,
  `id_buku` int(4) NOT NULL,
  `tgl_pinjam` date NOT NULL,
  `tgl_kembali` date NOT NULL,
  `denda` double NOT NULL,
  `tgl_pengembalian` date NOT NULL,
  `total_denda` double NOT NULL,
  `status_pengembalian` varchar(15) NOT NULL,
  `status_peminjaman` varchar(25) NOT NULL
) ENGINE=InnoDB DEFAULT CHARSET=latin1;

--
-- Dumping data for table `transaksi`
--

INSERT INTO `transaksi` (`id_pinjam`, `tgl_pencatatan`, `id_anggota`, `id_buku`, `tgl_pinjam`, `tgl_kembali`, `denda`, `tgl_pengembalian`, `total_denda`, `status_pengembalian`, `status_peminjaman`) VALUES
(1, '2018-07-25 08:19:44', 4, 6, '2018-07-16', '2018-07-18', 25000, '2018-07-20', 50000, '1', '1'),
(3, '2018-07-25 08:35:35', 7, 14, '2018-07-23', '2018-07-27', 100000, '0000-00-00', 0, '0', '0'),
(4, '2018-07-25 08:41:12', 4, 5, '2018-07-10', '2018-07-13', 100000, '2018-07-13', 0, '1', '1'),
(5, '2018-07-25 08:41:32', 5, 12, '2018-07-16', '2018-07-19', 100000, '0000-00-00', 0, '0', '0'),
(9, '2019-04-06 00:00:00', 12, 1, '0000-00-00', '0000-00-00', 10000, '2019-04-11', 179969166.66667, '1', '1'),
(10, '2019-04-06 00:00:00', 12, 17, '0000-00-00', '0000-00-00', 10000, '0000-00-00', 0, 'Belum Kembali', 'Belum Selesai'),
(11, '2019-04-06 00:00:00', 12, 16, '0000-00-00', '0000-00-00', 10000, '0000-00-00', 0, 'Belum Kembali', 'Belum Selesai');

--
-- Indexes for dumped tables
--

--
-- Indexes for table `admin`
--
ALTER TABLE `admin`
  ADD PRIMARY KEY (`id_admin`);

--
-- Indexes for table `anggota`
--
ALTER TABLE `anggota`
  ADD PRIMARY KEY (`id_anggota`);

--
-- Indexes for table `buku`
--
ALTER TABLE `buku`
  ADD PRIMARY KEY (`id_buku`);

--
-- Indexes for table `detail_pinjam`
--
ALTER TABLE `detail_pinjam`
  ADD UNIQUE KEY `id_buku` (`id_buku`),
  ADD KEY `id_pinjam` (`id_pinjam`);

--
-- Indexes for table `kategori`
--
ALTER TABLE `kategori`
  ADD PRIMARY KEY (`id_kategori`);

--
-- Indexes for table `peminjaman`
--
ALTER TABLE `peminjaman`
  ADD PRIMARY KEY (`id_pinjam`);

--
-- Indexes for table `transaksi`
--
ALTER TABLE `transaksi`
  ADD PRIMARY KEY (`id_pinjam`);

--
-- AUTO_INCREMENT for dumped tables
--

--
-- AUTO_INCREMENT for table `admin`
--
ALTER TABLE `admin`
  MODIFY `id_admin` int(5) NOT NULL AUTO_INCREMENT, AUTO_INCREMENT=3;

--
-- AUTO_INCREMENT for table `anggota`
--
ALTER TABLE `anggota`
  MODIFY `id_anggota` int(5) NOT NULL AUTO_INCREMENT, AUTO_INCREMENT=13;

--
-- AUTO_INCREMENT for table `buku`
--
ALTER TABLE `buku`
  MODIFY `id_buku` int(5) NOT NULL AUTO_INCREMENT, AUTO_INCREMENT=18;

--
-- AUTO_INCREMENT for table `kategori`
--
ALTER TABLE `kategori`
  MODIFY `id_kategori` int(5) NOT NULL AUTO_INCREMENT, AUTO_INCREMENT=10;

--
-- AUTO_INCREMENT for table `peminjaman`
--
ALTER TABLE `peminjaman`
  MODIFY `id_pinjam` int(5) NOT NULL AUTO_INCREMENT, AUTO_INCREMENT=8;

--
-- AUTO_INCREMENT for table `transaksi`
--
ALTER TABLE `transaksi`
  MODIFY `id_pinjam` int(11) NOT NULL AUTO_INCREMENT, AUTO_INCREMENT=12;
COMMIT;

/*!40101 SET CHARACTER_SET_CLIENT=@OLD_CHARACTER_SET_CLIENT */;
/*!40101 SET CHARACTER_SET_RESULTS=@OLD_CHARACTER_SET_RESULTS */;
/*!40101 SET COLLATION_CONNECTION=@OLD_COLLATION_CONNECTION */;
